City,Cloudiness,Country,Date,Humidity,Latitude,Longitude,Maximum Temperature,Wind Speed
Hobart,20,AU,1546896600,59,-42.88,147.33,291.15,3.6
Longyearbyen,40,NO,1546897800,68,78.22,15.63,269.15,18.5
San Patricio,88,PY,1546898744,91,-26.98,-56.83,299.454,2.21
Hithadhoo,64,MV,1546898741,100,-0.6,73.08,300.579,3.06
Yatou,40,CM,1546894800,88,3.63,9.81,300.15,0.5
Lebu,0,ET,1546894800,34,8.96,38.73,284.15,2.1
Busselton,0,AU,1546899323,100,-33.64,115.35,288.729,9.71
Shingu,0,JP,1546898870,100,33.72,135.99,282.704,5.66
Shingu,0,JP,1546898870,100,33.72,135.99,282.704,5.66
Punta Arenas,0,CL,1546898400,66,-53.16,-70.91,283.15,7.2
Ushuaia,75,AR,1546898400,81,-54.81,-68.31,282.15,3.1
Bonavista,8,CA,1546899323,99,48.65,-53.11,272.204,13.96
Butaritari,80,KI,1546899323,100,3.07,172.79,299.604,3.41
Butaritari,80,KI,1546899323,100,3.07,172.79,299.604,3.41
Sheopur,0,IN,1546899324,84,25.67,76.7,280.254,1.26
Severo-Kurilsk,64,RU,1546899324,100,50.68,156.12,270.229,10.21
Witu,75,KE,1546898100,93,-2.39,40.44,299.95,0.5
Lake City,90,US,1546896900,50,38.03,-107.32,273.15,3.1
Aldan,48,RU,1546899327,64,58.61,125.39,252.629,1.66
Chuy,0,UY,1546898857,85,-33.69,-53.46,297.404,11.31
Colesberg,68,ZA,1546899327,59,-30.72,25.1,292.579,0.56
Khatanga,36,RU,1546898728,54,71.98,102.47,244.754,5.56
Leningradskiy,0,RU,1546898904,99,69.38,178.42,250.654,9.86
Barrow,44,AR,1546899327,34,-38.31,-60.23,303.504,4.81
Barrow,44,AR,1546899327,34,-38.31,-60.23,303.504,4.81
Saskylakh,8,RU,1546899328,0,71.97,114.09,232.079,3.86
Havelock,1,US,1546898280,76,34.88,-76.9,286.45,6.7
Nikolskoye,75,RU,1546896600,92,59.7,30.79,271.15,2.0
Fortuna,20,ES,1546896600,87,38.18,-1.13,283.15,2.6
Murovane,90,UA,1546897320,84,50.41,24.11,259.15,1.0
Murovane,90,UA,1546897320,84,50.41,24.11,259.15,1.0
Nikolayevka,88,RU,1546898939,87,47.31,38.84,268.504,6.96
Zhezkazgan,80,KZ,1546899328,81,47.8,67.71,262.354,3.56
Bredasdorp,8,ZA,1546894800,77,-34.53,20.04,292.15,2.91
Bredasdorp,8,ZA,1546894800,77,-34.53,20.04,292.15,2.91
Ruston,90,US,1546898100,71,32.52,-92.64,293.15,3.1
Mahebourg,75,MU,1546898400,83,-20.41,57.7,300.15,3.6
Takayama,75,JP,1546898400,85,36.14,137.25,278.15,3.1
Ulladulla,90,AU,1546894800,100,-35.36,150.48,293.15,3.6
Le Port,8,FR,1546899330,72,42.87,1.37,261.229,0.86
San Rafael,20,AR,1546895760,23,-34.61,-68.33,303.15,7.2
Lagoa,0,PT,1546896600,87,37.14,-8.45,282.15,2.6
Morondava,36,MG,1546898946,93,-20.3,44.28,300.204,1.26
Chauk,92,MM,1546899331,100,20.89,94.82,292.054,0.81
Puerto Ayora,40,EC,1546894800,62,-0.74,-90.35,303.15,2.6
Ferme-Neuve,68,CA,1546899331,54,46.7,-75.45,262.404,2.76
Chifeng,0,CN,1546899331,46,42.27,118.96,256.404,3.91
Tuatapere,20,NZ,1546898826,90,-46.13,167.69,287.479,6.76
Karratha,0,AU,1546898794,72,-20.74,116.85,297.229,1.21
Eureka,90,US,1546898100,100,40.8,-124.16,284.85,8.7
Xining,88,CN,1546899240,87,36.62,101.77,257.354,1.31
Hermanus,20,ZA,1546899332,92,-34.42,19.24,288.079,1.71
Atuona,76,PF,1546898711,100,-9.8,-139.03,300.579,7.46
Faanui,88,PF,1546899106,100,-16.48,-151.75,301.354,4.16
Fort Frances,90,CA,1546895640,92,48.61,-93.4,274.25,3.1
Cairns,75,AU,1546896600,78,-16.92,145.77,299.15,6.2
Mogadishu,92,SO,1546899333,100,2.04,45.34,299.554,10.21
Ribeira Grande,40,PT,1546894800,88,38.52,-28.7,291.15,8.2
Nanortalik,100,GL,1546899334,92,60.14,-45.24,274.229,17.71
Torbay,20,CA,1546894800,74,47.66,-52.73,271.15,6.7
Vaini,0,IN,1546899334,80,15.34,74.49,288.404,1.56
Flinders,90,AU,1546894800,100,-34.58,150.85,293.15,3.6
Albany,1,US,1546898040,50,42.65,-73.75,267.15,1.21
Rikitea,80,PF,1546898711,96,-23.12,-134.97,299.854,7.11
Rikitea,80,PF,1546898711,96,-23.12,-134.97,299.854,7.11
Rikitea,80,PF,1546898711,96,-23.12,-134.97,299.854,7.11
Cape Town,20,ZA,1546894800,72,-33.93,18.42,292.15,8.7
Whitehorse,90,CA,1546894800,75,60.72,-135.06,247.15,1.5
Tuktoyaktuk,75,CA,1546894800,82,69.44,-133.03,245.15,2.6
Nanlong,92,CN,1546899335,87,31.35,106.05,275.629,1.31
Nanlong,92,CN,1546899335,87,31.35,106.05,275.629,1.31
Sunndalsora,75,NO,1546897800,88,62.68,8.55,275.15,10.3
Vestmannaeyjar,56,IS,1546899090,93,63.44,-20.27,277.254,6.36
Aras,0,YE,1546899336,29,14.28,44.38,275.104,1.56
Aras,0,YE,1546899336,29,14.28,44.38,275.104,1.56
Kungurtug,0,RU,1546899336,31,50.6,97.53,241.004,1.16
Rognan,75,NO,1546897800,89,67.1,15.4,274.15,9.3
Rognan,75,NO,1546897800,89,67.1,15.4,274.15,9.3
Lyubim,68,RU,1546899337,85,58.36,40.69,263.904,6.81
Little Current,90,CA,1546897380,100,45.98,-81.93,271.15,7.7
Taoudenni,24,ML,1546899337,31,22.68,-3.98,284.354,4.36
Caucaia,0,BR,1546894800,78,-3.73,-38.66,301.15,5.1
Haimen,76,CN,1546899337,100,31.87,121.18,277.629,4.11
Cortes,92,PH,1546899338,100,9.28,126.19,295.854,2.56
New Norfolk,20,AU,1546896600,59,-42.78,147.06,291.15,3.6
Sabile,88,LV,1546899338,96,57.05,22.57,274.554,5.11
Raudeberg,32,NO,1546897800,70,61.99,5.14,279.15,4.1
Kantang,12,TH,1546899339,100,7.42,99.52,299.454,3.81
Isangel,24,VU,1546899339,100,-19.55,169.27,298.379,8.06
Marsh Harbour,8,BS,1546898675,100,26.54,-77.06,296.629,6.01
Dvinskoy,88,RU,1546899339,86,62.16,45.12,269.954,4.46
Coahuayana,12,MX,1546899056,39,18.62,-100.35,301.729,1.31
Ruteng,36,ID,1546899340,93,-8.61,120.46,294.579,1.41
Paoua,8,CF,1546899340,32,7.24,16.43,295.804,4.76
Okhotsk,20,RU,1546898896,100,59.36,143.24,243.479,3.86
Nelson Bay,12,AU,1546896600,69,-32.72,152.14,298.15,4.1
Quatre Cocos,75,MU,1546898400,83,-20.21,57.76,300.15,3.6
Derac,12,HT,1546899341,93,19.65,-71.82,298.579,7.51
Dikson,56,RU,1546898836,100,73.51,80.55,253.254,6.71
Rocha,0,UY,1546899341,84,-34.48,-54.34,295.054,7.71
Rocha,0,UY,1546899341,84,-34.48,-54.34,295.054,7.71
Poum,0,MK,1546899172,61,41.28,20.71,252.654,0.81
Talnakh,56,RU,1546898834,70,69.49,88.39,255.704,1.96
Andalan,0,PH,1546899342,100,5.96,121.39,299.229,1.56
Harper,1,US,1546896900,43,30.3,-99.24,295.95,1.5
Harper,1,US,1546896900,43,30.3,-99.24,295.95,1.5
Harper,1,US,1546896900,43,30.3,-99.24,295.95,1.5
Kapaa,1,US,1546898160,60,22.08,-159.32,299.25,5.1
Maldonado,75,UY,1546898400,88,-34.91,-54.96,292.15,5.1
Baie-Comeau,1,CA,1546894800,46,49.22,-68.15,261.15,2.6
Santa Rosa,0,AR,1546899344,59,-36.62,-64.29,301.879,3.56
Mackay,1,CA,1546896900,65,53.65,-115.58,258.15,6.2
Codrington,92,AU,1546894800,78,-28.95,153.24,298.15,2.6
Yuryuzan,56,RU,1546899344,82,54.87,58.43,258.854,1.06
Yuryuzan,56,RU,1546899344,82,54.87,58.43,258.854,1.06
Victoria,75,BN,1546896600,74,5.28,115.24,300.15,4.1
Montecorvino Rovella,20,IT,1546897800,60,40.7,14.98,282.15,2.1
Rafaela,0,AR,1546899345,93,-31.25,-61.49,298.079,2.26
Oktyabrskiy,75,RU,1546896600,85,55.61,37.97,263.15,4.0
Saint-Philippe,1,CA,1546898100,57,45.36,-73.48,261.15,1.5
Sao Filipe,0,CV,1546898824,91,14.9,-24.5,296.954,4.36
Hargeysa,8,SO,1546899346,80,9.56,44.06,279.079,1.46
Acandi,76,CO,1546899346,95,8.51,-77.28,298.804,1.26
Mataura,64,NZ,1546899346,62,-46.19,168.86,289.104,6.36
Hilo,40,US,1546897980,50,19.71,-155.08,299.25,3.6
Berlevag,0,NO,1546897800,68,70.86,29.09,272.15,6.7
Port Hedland,0,AU,1546896600,94,-20.31,118.58,300.15,2.1
Saint-Pierre,90,FR,1546896600,100,48.95,4.24,280.15,8.7
Auki,8,NG,1546899347,28,12.18,6.51,292.654,4.81
Tiksi,12,RU,1546898883,51,71.64,128.87,238.329,1.21
Lins,0,BR,1546899347,53,-21.67,-49.75,304.479,4.01
Airai,12,TL,1546898896,88,-8.93,125.41,291.854,0.61
Airai,12,TL,1546898896,88,-8.93,125.41,291.854,0.61
Airai,12,TL,1546898896,88,-8.93,125.41,291.854,0.61
Katsuura,75,JP,1546896000,70,33.93,134.5,279.15,2.6
Ancud,90,CL,1546894800,81,-41.87,-73.83,284.15,5.1
Goba,0,ET,1546899348,59,7.01,39.97,279.904,1.31
Qaanaaq,24,GL,1546899348,100,77.48,-69.36,247.704,4.91
Conakry,0,GN,1546899348,100,9.52,-13.7,300.554,2.71
Port Alfred,88,ZA,1546899349,85,-33.59,26.89,295.354,6.56
Avarua,75,CK,1546894800,69,-21.21,-159.78,300.15,1.0
Sidi Ali,0,DZ,1546898931,84,36.1,0.42,276.079,1.06
Biak,68,ID,1546899215,100,-0.91,122.88,296.979,1.21
Jamestown,8,AU,1546899349,83,-33.21,138.6,288.454,1.21
Gobabis,48,NA,1546898941,48,-22.45,18.97,298.004,1.41
Fontenay-le-Comte,90,FR,1546896600,93,46.47,-0.81,280.15,1.26
Ilulissat,75,GL,1546897800,78,69.22,-51.1,265.15,4.1
Ilulissat,75,GL,1546897800,78,69.22,-51.1,265.15,4.1
Yellowknife,75,CA,1546894800,67,62.45,-114.38,243.15,4.1
Mehamn,0,NO,1546897800,68,71.03,27.85,273.15,6.7
Mehamn,0,NO,1546897800,68,71.03,27.85,273.15,6.7
Arraial do Cabo,0,BR,1546894800,58,-22.97,-42.02,302.15,6.7
Kastoria,8,GR,1546899350,100,40.52,21.27,254.354,1.26
Ereymentau,68,KZ,1546899350,79,51.62,73.1,259.729,1.31
Balaipungut,64,ID,1546899351,98,1.11,101.31,296.254,0.76
Walvis Bay,0,NA,1546894800,77,-22.95,14.51,290.15,3.1
Lavrentiya,0,RU,1546898843,90,65.58,-170.99,256.304,10.41
Mutis,88,CO,1546899351,100,6.23,-77.4,298.129,1.96
Phuket,20,TH,1546896600,83,7.89,98.4,298.15,7.06
Kansanshi,76,ZM,1546899352,96,-12.1,26.43,292.154,2.11
Alice Springs,0,AU,1546896600,14,-23.7,133.88,295.15,2.1
La Peca,36,PE,1546899352,92,-5.61,-78.44,295.504,0.96
Zheleznodorozhnyy,75,RU,1546896600,85,55.75,38.0,263.15,4.0
Chato,36,TZ,1546899352,93,-2.64,31.77,294.629,2.31
Souillac,90,FR,1546896600,93,45.6,-0.6,279.15,1.31
Tasiilaq,92,GL,1546897800,45,65.61,-37.64,268.15,4.1
Belaya Gora,48,RU,1546899353,76,68.54,146.19,234.454,2.31
San Lorenzo,8,HN,1546899354,63,13.43,-87.45,303.654,1.36
Verkhnyaya Balkariya,75,RU,1546894800,92,43.13,43.46,270.15,2.0
Carutapera,92,BR,1546899354,86,-1.2,-46.02,300.204,3.61
Luderitz,0,NA,1546899354,87,-26.65,15.16,289.304,5.91
Luderitz,0,NA,1546899354,87,-26.65,15.16,289.304,5.91
Bluff,92,AU,1546899355,88,-23.58,149.07,295.154,4.51
East London,92,ZA,1546899355,94,-33.02,27.91,295.904,9.31
Mar del Plata,88,AR,1546899355,53,-46.43,-67.52,289.804,9.51
Batemans Bay,92,AU,1546899148,100,-35.71,150.18,293.129,1.66
Thompson,90,CA,1546894800,85,55.74,-97.86,266.15,4.1
Turbat,8,PK,1546899355,84,26.0,63.05,283.479,1.21
Kaitangata,12,NZ,1546898843,63,-46.28,169.85,289.504,8.16
Hearst,92,CA,1546899255,73,49.69,-83.67,265.704,5.16
Hearst,92,CA,1546899255,73,49.69,-83.67,265.704,5.16
Hearst,92,CA,1546899255,73,49.69,-83.67,265.704,5.16
Westport,92,IE,1546898920,96,53.8,-9.52,281.329,4.21
Arenapolis,88,BR,1546899063,80,-14.45,-56.85,299.704,3.06
Makakilo City,1,US,1546894620,45,21.35,-158.09,300.35,2.1
Narsaq,92,GL,1546898889,88,60.91,-46.05,272.454,7.51
Bambous Virieux,75,MU,1546898400,83,-20.34,57.76,300.15,3.6
Bandarbeyla,48,SO,1546899356,100,9.49,50.81,297.854,8.51
Rundu,44,NA,1546898901,70,-17.91,19.77,297.004,1.41
San Quintin,0,PH,1546899357,76,17.54,120.52,288.729,1.86
Norman Wells,75,CA,1546894800,72,65.28,-126.83,234.15,1.0
Norman Wells,75,CA,1546894800,72,65.28,-126.83,234.15,1.0
Banjar,48,ID,1546899357,99,-7.37,108.54,294.654,1.06
Osa,68,RU,1546899357,75,57.28,55.46,256.904,3.01
Beringovskiy,88,RU,1546898916,88,63.05,179.32,266.954,14.66
Kawalu,80,ID,1546899358,98,-7.38,108.21,292.904,0.86
Pevek,0,RU,1546898881,94,69.7,170.27,243.454,2.61
Vallenar,0,CL,1546899359,49,-28.58,-70.76,293.854,1.71
Vallenar,0,CL,1546899359,49,-28.58,-70.76,293.854,1.71
Cidreira,12,BR,1546898851,62,-30.17,-50.22,305.354,7.16
Waingapu,56,ID,1546899360,100,-9.65,120.26,296.354,1.46
Bathsheba,75,BB,1546894800,69,13.22,-59.52,300.15,7.7
Castro,75,CL,1546898400,71,-42.48,-73.76,285.15,3.6
Lata,8,IN,1546899361,69,30.78,78.62,269.604,1.26
Lata,8,IN,1546899361,69,30.78,78.62,269.604,1.26
Yulara,0,AU,1546894800,24,-25.24,130.99,293.15,2.1
Alofi,92,NU,1546898400,83,-19.06,-169.92,302.15,5.1
Dingle,56,PH,1546898911,86,11.0,122.67,297.129,7.61
Iqaluit,20,CA,1546894800,74,63.75,-68.52,242.15,2.1
Viedma,0,AR,1546899362,21,-40.81,-62.99,304.329,5.71
Sydney Mines,75,CA,1546894800,73,46.24,-60.22,269.15,8.2
Port-Cartier,20,CA,1546894800,39,50.03,-66.88,260.15,3.1
Port-Cartier,20,CA,1546894800,39,50.03,-66.88,260.15,3.1
Port-Cartier,20,CA,1546894800,39,50.03,-66.88,260.15,3.1
Kachiry,88,KZ,1546899363,80,53.07,76.1,261.129,1.36
Kachiry,88,KZ,1546899363,80,53.07,76.1,261.129,1.36
Loa Janan,48,ID,1546899363,84,-0.58,117.09,299.304,1.16
Loa Janan,48,ID,1546899363,84,-0.58,117.09,299.304,1.16
Honiara,32,SB,1546898923,95,-9.43,159.96,298.729,1.36
Honiara,32,SB,1546898923,95,-9.43,159.96,298.729,1.36
Honiara,32,SB,1546898923,95,-9.43,159.96,298.729,1.36
Osmanabad,0,IN,1546899364,63,18.19,76.04,286.154,2.76
Vila Franca do Campo,40,PT,1546896600,88,37.72,-25.43,290.15,9.8
Grindavik,75,IS,1546898400,74,63.84,-22.43,277.15,4.1
Biltine,0,TD,1546898891,29,14.53,20.93,293.154,4.36
Sitka,0,US,1546898842,33,37.17,-99.65,288.804,3.66
Te Anau,36,NZ,1546898855,73,-45.41,167.72,286.254,2.66
Pinawa,0,CA,1546899365,87,50.15,-95.88,271.879,5.51
Srednekolymsk,76,RU,1546899365,40,67.46,153.71,240.729,1.41
Copiapo,0,CL,1546898400,46,-27.37,-70.33,295.15,5.1
Altay,0,CN,1546899365,47,47.83,88.13,244.154,0.96
Rabo de Peixe,40,PT,1546896600,88,37.8,-25.58,290.15,9.8
Solnechnyy,56,RU,1546899366,60,50.72,136.64,243.754,1.16
Penzance,92,GB,1546894200,81,50.12,-5.53,283.15,5.7
Sechura,36,PE,1546899366,69,-5.56,-80.82,299.729,4.96
Namibe,0,AO,1546898855,100,-15.19,12.15,295.904,4.01
Iralaya,75,HN,1546898400,94,15.0,-83.23,298.15,3.66
Kodiak,1,US,1546898100,37,39.95,-94.76,287.05,4.1
Portland,75,US,1546897980,70,45.52,-122.67,280.95,1.46
Jizan,0,SA,1546894800,78,16.89,42.56,298.15,0.91
Jizan,0,SA,1546894800,78,16.89,42.56,298.15,0.91
Jizan,0,SA,1546894800,78,16.89,42.56,298.15,0.91
Oum Hadjer,0,TD,1546899367,25,13.3,19.7,296.054,6.16
Carnarvon,76,ZA,1546899367,16,-30.97,22.13,296.804,2.81
Adrar,0,DZ,1546894800,27,27.87,-0.29,283.15,5.7
Lasem,20,ID,1546896600,94,-6.99,112.52,298.15,1.5
Kulhudhuffushi,88,MV,1546899368,100,6.62,73.07,300.329,4.56
Lazarev,0,RU,1546899368,49,52.23,141.51,253.829,4.61
Klaksvik,64,FO,1546897800,100,62.23,-6.59,277.15,14.4
Esperance,20,TT,1546894800,65,10.24,-61.45,301.15,6.2
Cooma,100,AU,1546894800,72,-36.24,149.13,292.15,5.7
Bethel,90,US,1546897140,84,60.79,-161.76,259.15,4.1
Kudahuvadhoo,0,MV,1546898912,100,2.67,72.89,300.654,4.86
Sao Felix do Xingu,56,BR,1546899369,88,-6.64,-51.99,298.729,1.01
Sao Felix do Xingu,56,BR,1546899369,88,-6.64,-51.99,298.729,1.01
Shelburne,90,CA,1546894800,68,44.08,-80.2,271.15,11.3
Hamilton,90,CA,1546894800,73,43.26,-79.87,272.15,7.2
Mulchen,75,CL,1546894800,46,-37.72,-72.23,295.15,6.2
Beloha,12,MG,1546899370,92,-25.17,45.06,295.079,2.66
Upernavik,76,GL,1546899081,100,72.79,-56.15,260.704,6.96
Port Elizabeth,1,US,1546898160,60,39.31,-74.98,274.85,1.5
Shache,80,CN,1546899370,91,38.42,77.24,265.654,2.21
Mount Gambier,90,AU,1546894800,87,-37.83,140.78,287.15,2.1
Langxiang,12,CN,1546899370,61,46.95,128.87,247.604,1.21
Nishihara,75,JP,1546896600,59,35.74,139.53,275.15,3.1
Tongchuan,0,CN,1546894800,62,34.9,108.95,269.15,1.0
Provideniya,0,RU,1546898935,100,64.42,-173.23,257.454,13.31
Sioux Lookout,90,CA,1546897560,88,50.1,-91.92,273.15,3.6
Huarmey,0,PE,1546899371,57,-10.07,-78.15,297.979,1.86
Road Town,40,VG,1546898400,69,18.42,-64.62,300.95,5.7
Carauari,80,BR,1546899371,83,-4.88,-66.9,301.104,1.76
Kahului,20,US,1546894560,60,20.89,-156.47,300.35,6.7
Villarrobledo,0,ES,1546899372,73,39.27,-2.6,270.254,2.11
Kaduqli,0,SD,1546899372,41,11.01,29.72,295.004,5.06
Atasu,36,KZ,1546899372,58,48.68,71.64,251.304,1.31
Campoverde,0,IT,1546897800,93,41.54,12.73,280.15,2.6
Novy Bydzov,90,CZ,1546896300,100,50.24,15.49,276.15,1.5
Tiznit,0,MA,1546898856,75,29.7,-9.73,283.829,0.96
Launceston,90,AU,1546896600,72,-41.43,147.14,289.15,3.6
Ulsteinvik,75,NO,1546897800,100,62.35,5.85,277.15,8.2
Ayan,76,TR,1546899374,55,40.67,33.6,257.254,1.16
Gombong,32,ID,1546899374,96,-7.19,109.31,294.879,0.56
Lorengau,92,PG,1546899374,98,-2.02,147.27,301.979,6.91
Asyut,0,EG,1546894800,61,27.18,31.19,282.15,4.6
Georgetown,75,GY,1546894800,78,6.8,-58.16,301.15,6.2
Georgetown,75,GY,1546894800,78,6.8,-58.16,301.15,6.2
San Cristobal,90,EC,1546898400,100,-0.39,-78.55,285.15,1.5
Boston,75,US,1546898160,21,42.36,-71.06,272.05,2.6
Stephenville,1,US,1546898100,20,32.22,-98.2,295.25,3.1
Keti Bandar,0,PK,1546899376,100,24.14,67.45,292.004,6.66
Kalmunai,32,LK,1546899376,98,7.42,81.82,295.829,3.16
Arsikere,0,IN,1546899376,79,13.31,76.26,283.979,1.76
Constitucion,90,MX,1546897380,26,23.99,-104.67,295.15,2.01
Diplo,0,PK,1546899376,83,24.47,69.59,278.829,1.21
Diplo,0,PK,1546899376,83,24.47,69.59,278.829,1.21
Burnie,68,AU,1546899121,100,-41.05,145.91,289.579,1.86
Naranjal,75,PY,1546898400,88,-25.97,-55.19,295.15,4.6
Salamiyah,92,SY,1546899377,95,35.01,37.05,277.579,3.51
Lagos,76,NG,1546894800,88,6.46,3.39,300.15,1.0
Tairua,20,NZ,1546899377,56,-37.02,175.85,295.504,1.86
Ahipara,36,NZ,1546899377,82,-35.17,173.16,294.629,1.86
Ariquemes,56,BR,1546899378,81,-9.91,-63.03,300.129,1.46
Bjornevatn,0,NO,1546897800,92,69.67,29.98,267.15,4.1
Bjornevatn,0,NO,1546897800,92,69.67,29.98,267.15,4.1
Paamiut,92,GL,1546898874,100,61.99,-49.67,272.329,5.21
Paamiut,92,GL,1546898874,100,61.99,-49.67,272.329,5.21
Rio Gallegos,75,AR,1546898400,50,-51.62,-69.22,286.15,6.2
Cabedelo,20,BR,1546898400,74,-6.97,-34.84,300.15,3.6
Lincoln,75,GB,1546897800,70,53.23,-0.54,282.15,8.7
Vao,92,EE,1546898821,98,59.1,26.19,273.504,2.66
Le Vauclin,75,MQ,1546898400,78,14.55,-60.84,299.15,3.6
Champasak,0,LA,1546899380,91,14.89,105.88,293.704,0.61
Chokurdakh,56,RU,1546898869,49,70.62,147.9,238.729,1.41
Arman,20,RU,1546898891,69,59.7,150.17,246.004,2.11
Saint Anthony,1,US,1546898160,68,43.97,-111.68,270.95,8.2
Cherskiy,8,RU,1546899381,32,68.75,161.3,243.129,1.86
Saint George,20,GR,1546897800,58,39.45,22.34,271.15,6.2
Bolshevik,0,BY,1546898400,85,54.01,27.57,264.15,3.0
Astana,0,KZ,1546898400,84,51.13,71.43,259.15,2.0
Dunedin,0,NZ,1546899160,76,-45.87,170.5,288.629,2.31
Hovd,75,NO,1546897800,80,63.83,10.7,275.15,5.1
Tongren,92,CN,1546899382,96,27.72,109.18,273.629,2.41
Wrexham,90,GB,1546897800,70,53.05,-2.99,282.15,8.7
Papar,75,MY,1546896600,88,5.73,115.93,299.15,2.1
Papar,75,MY,1546896600,88,5.73,115.93,299.15,2.1
Znin,90,PL,1546898400,100,52.85,17.72,272.15,5.1
Balakhninskiy,64,RU,1546899383,65,58.01,114.28,256.004,2.31
Waddan,0,LY,1546899383,78,29.16,16.14,274.804,1.86
Tonstad,75,NO,1546897800,100,58.66,6.71,280.15,4.1
Tahoua,76,NE,1546899383,29,14.89,5.26,290.754,4.81
Hegang,0,CN,1546899383,72,47.34,130.28,251.829,2.86
Yumaguzino,48,RU,1546899383,77,52.9,56.39,256.354,1.61
Pangai,75,TO,1546898400,94,-19.8,-174.35,301.15,4.6
Pauini,68,BR,1546899384,72,-7.71,-67.0,303.229,1.96
Tumsar,0,IN,1546899384,65,21.38,79.75,285.829,4.96
Hokitika,56,NZ,1546899147,95,-42.72,170.96,288.954,4.21
Almeirim,0,PT,1546896600,34,39.21,-8.63,285.15,1.0
Litovko,36,RU,1546899385,33,49.24,135.18,242.654,0.86
Sao Jose da Coroa Grande,80,BR,1546899385,100,-8.9,-35.15,296.804,2.11
San Ignacio,75,CL,1546898400,59,-36.8,-72.03,291.15,6.2
Caidian,12,CN,1546894800,86,30.59,114.03,274.15,3.0
Langham,90,CA,1546897560,78,52.36,-106.96,261.15,11.3
Kaeo,24,NZ,1546898566,71,-35.1,173.78,295.379,2.11
Kavaratti,0,IN,1546898833,100,10.57,72.64,300.254,2.86
Cape Canaveral,1,US,1546898160,62,28.41,-80.6,298.15,3.6
Magdalena,90,BO,1546898400,88,-13.26,-64.05,299.15,3.1
Westlock,20,CA,1546894800,65,54.15,-113.85,259.15,6.2
Ko Samui,56,TH,1546899387,98,9.54,99.94,301.404,8.36
Iquique,40,CL,1546898400,69,-20.22,-70.14,297.15,7.7
Ponta do Sol,36,BR,1546898846,52,-20.63,-46.0,301.579,3.31
Yaviza,76,PA,1546899387,95,8.16,-77.69,298.804,1.26
Barmer,0,IN,1546899388,86,25.74,71.4,280.579,2.41
Dolgoye,48,RU,1546899388,81,52.06,37.53,258.754,1.16
Apatity,56,RU,1546899388,77,67.57,33.4,259.879,0.96
Komsomolskiy,24,RU,1546898840,61,67.55,63.78,247.829,1.41
Belmonte,0,PT,1546899388,57,40.36,-7.35,272.879,3.61
Westerland,92,NL,1546898100,70,52.89,4.93,283.15,10.8
Savannah Bight,40,HN,1546898400,69,16.45,-85.85,300.15,1.5
Peterhead,20,AU,1546896600,63,-34.83,138.5,291.15,6.2
Gamba,44,CN,1546899389,53,28.28,88.52,248.504,1.21
Alta Floresta,88,BR,1546899389,92,-9.87,-56.08,298.404,0.16
Privolzhskiy,90,RU,1546896600,84,55.96,48.41,259.15,4.0
Turukhansk,64,RU,1546899390,79,65.8,87.96,259.879,6.16
Mezen,80,RU,1546899390,97,65.85,44.24,270.754,3.01
Forbes,24,AU,1546899390,65,-33.38,148.01,297.379,5.46
Khani,75,GE,1546898400,93,41.96,42.96,277.15,2.6
Maragogi,80,BR,1546899391,100,-9.01,-35.22,296.804,2.11
Zheshart,88,RU,1546899391,81,62.09,49.59,267.829,5.36
Fairbanks,40,US,1546893780,65,64.84,-147.72,234.15,1.86
Narasannapeta,0,IN,1546899391,99,18.42,84.04,285.329,1.41
Lesnoy,92,RU,1546899392,78,59.78,52.13,263.979,4.21
Bonfim,20,BR,1546894800,48,-20.33,-44.24,302.15,2.1
Sulangan,68,PH,1546899392,100,11.14,123.72,299.329,10.51
Motygino,68,RU,1546899392,80,58.18,94.69,265.154,3.91
Carmo do Rio Verde,24,BR,1546899392,73,-15.36,-49.71,300.704,1.41
Santa Rita,64,VE,1546899393,58,10.21,-67.56,300.054,1.56
Cockburn Town,8,TC,1546898833,100,21.46,-71.14,299.254,6.06
Jalu,12,LY,1546898885,90,29.03,21.55,280.654,3.76
Nome,1,US,1546898100,59,30.04,-94.42,296.65,5.1
Nome,1,US,1546898100,59,30.04,-94.42,296.65,5.1
Nome,1,US,1546898100,59,30.04,-94.42,296.65,5.1
Watertown,1,US,1546898160,74,44.9,-97.12,278.15,4.1
Ponta Delgada,40,PT,1546896600,88,37.73,-25.67,290.15,9.8
Nantucket,1,US,1546898100,33,41.28,-70.1,270.95,2.6
Daru,20,SL,1546898884,64,7.99,-10.85,298.704,0.96
Adilcevaz,75,TR,1546897800,54,38.8,42.73,272.15,7.2
Bulgan,0,MN,1546899397,24,48.81,103.53,244.954,1.46
Tlalmanalco,90,MX,1546897680,17,19.21,-98.8,301.15,6.2
Tymovskoye,0,RU,1546899397,68,50.85,142.66,254.329,3.11
General Roca,0,AR,1546899397,17,-39.03,-67.58,303.054,11.36
Tamworth,48,AU,1546896600,44,-31.09,150.93,298.15,2.6
Japura,92,ID,1546898852,98,-0.42,102.29,296.004,1.06
Saldanha,0,PT,1546899398,81,41.42,-6.55,268.154,1.56
Tarko-Sale,56,RU,1546898944,85,64.92,77.78,253.729,6.26
Aripuana,100,BR,1546899398,85,-9.17,-60.63,300.704,0.86
Salalah,75,OM,1546894200,69,17.01,54.1,297.15,2.1
Doha,20,QA,1546898160,83,25.29,51.53,294.15,3.6
Doha,20,QA,1546898160,83,25.29,51.53,294.15,3.6
Erenhot,0,CN,1546899399,41,43.65,111.97,246.904,3.26
Erenhot,0,CN,1546899399,41,43.65,111.97,246.904,3.26
Kijang,0,KR,1546898400,55,35.24,129.21,274.15,3.6
Bud,75,NO,1546897800,100,62.91,6.91,277.15,1.0
Wajima,92,JP,1546899400,100,37.4,136.9,278.954,4.01
Mayor Pablo Lagerenza,100,PY,1546899401,46,-19.93,-60.77,307.054,9.71
Meadow Lake,90,CA,1546894800,77,54.13,-108.44,258.15,7.7
Rantepao,76,ID,1546899401,100,-2.97,119.9,293.704,1.06
Rantepao,76,ID,1546899401,100,-2.97,119.9,293.704,1.06
Coquimbo,75,CL,1546898400,72,-29.95,-71.34,291.15,4.1
Teacapan,44,MX,1546899402,43,22.54,-105.74,301.854,1.26
Mancora,0,PE,1546898400,290,-4.1,-81.05,290.15,4.6
Puntarenas,40,CR,1546894800,47,9.98,-84.84,300.15,4.1
Maketu,0,NZ,1546899402,76,-37.76,176.45,295.229,2.96
Kargil,0,PK,1546899402,62,34.56,76.13,245.704,0.71
Aklavik,20,CA,1546894800,74,68.22,-135.01,245.15,1.16
Umea,68,SE,1546897800,100,63.83,20.26,265.15,0.5
Santa Cruz Cabralia,20,BR,1546894800,74,-16.28,-39.02,300.15,3.6
Vung Tau,48,VN,1546899400,97,10.35,107.08,299.354,9.51
Haines Junction,12,CA,1546899403,42,60.75,-137.51,239.054,1.01
Tete,75,MZ,1546894800,100,-16.16,33.59,297.15,1.21
Shenjiamen,92,CN,1546899404,100,29.96,122.3,283.004,7.36
Meulaboh,56,ID,1546898945,100,4.14,96.13,299.079,1.81
Kabanjahe,40,ID,1546894800,94,3.1,98.49,297.15,1.5
Trelew,36,AR,1546899307,19,-43.25,-65.31,302.504,7.71
Faya,0,SA,1546898400,43,18.39,42.45,286.15,2.6
Comodoro Rivadavia,40,AR,1546894800,19,-45.87,-67.48,295.15,11.8
Sao Joao da Barra,0,BR,1546894800,65,-21.64,-41.05,301.15,8.2
Mangan,80,IN,1546899405,81,27.5,88.54,264.554,0.31
Ixtapa,90,MX,1546897500,69,20.71,-105.21,300.15,4.6
Kanniyakumari,0,IN,1546898794,100,8.08,77.57,299.604,7.11
Mayo,90,CA,1546894800,75,63.59,-135.9,244.15,1.41
Warrnambool,68,AU,1546899405,93,-38.38,142.48,290.479,2.51
La Palma,32,CO,1546899406,90,5.36,-74.39,296.104,1.21
Matagami,12,NG,1546899406,33,9.67,8.4,292.154,3.86
Bambanglipuro,12,ID,1546899406,99,-7.95,110.28,294.229,1.21
Bambanglipuro,12,ID,1546899406,99,-7.95,110.28,294.229,1.21
Oranjemund,88,ZA,1546899348,93,-28.55,16.43,290.504,2.96
Baruun-Urt,0,MN,1546899407,25,46.68,113.28,244.804,3.41
Huanan,0,CN,1546899407,82,46.24,130.56,252.454,3.31
Fayetteville,1,US,1546898280,50,36.06,-94.16,293.15,5.1
Gat,88,SN,1546896600,28,14.69,-16.54,297.15,3.6
Sahuaripa,48,MX,1546899408,71,29.05,-109.23,290.204,1.16
Charters Towers,0,AU,1546899408,71,-20.07,146.27,296.004,2.51
Charters Towers,0,AU,1546899408,71,-20.07,146.27,296.004,2.51
Horsham,76,AU,1546899408,84,-36.71,142.2,289.104,2.36
Yarada,0,IN,1546899408,100,17.65,83.27,297.854,3.21
Vanimo,12,PG,1546898834,100,-2.67,141.3,301.454,8.46
Tezu,48,IN,1546899409,56,27.93,96.16,283.879,0.96
Tezu,48,IN,1546899409,56,27.93,96.16,283.879,0.96
Quelimane,92,MZ,1546899409,96,-17.88,36.89,298.379,2.31
Port Lincoln,24,AU,1546899240,100,-34.72,135.86,289.729,4.06
Urusha,8,RU,1546899409,45,54.05,122.9,239.079,1.16
Voi,0,KE,1546899409,76,-3.4,38.57,294.129,1.71
Makat,68,KZ,1546899410,91,47.65,53.35,264.879,5.36
Itarema,76,BR,1546899152,92,-2.92,-39.92,298.054,3.46
Hasaki,75,JP,1546898400,79,35.73,140.83,270.15,1.5
Oistins,75,BB,1546894800,69,13.07,-59.53,300.15,7.7
Knysna,0,ZA,1546894800,88,-34.04,23.05,291.15,2.6
Ust-Kulom,80,RU,1546899410,83,61.69,53.69,266.129,4.31
Beyneu,92,KZ,1546899410,96,45.32,55.19,271.154,3.11
Husavik,0,CA,1546898845,85,50.56,-96.99,270.754,6.61
Iquitos,40,PE,1546898400,74,-3.75,-73.25,302.15,5.7
Iquitos,40,PE,1546898400,74,-3.75,-73.25,302.15,5.7
Bonthe,64,SL,1546898824,67,7.53,-12.5,301.604,2.41
Hobyo,76,SO,1546898901,85,5.35,48.53,297.829,7.11
Nipawin,90,CA,1546899180,78,53.36,-104.02,261.15,10.8
Nipawin,90,CA,1546899180,78,53.36,-104.02,261.15,10.8
Acapulco,90,MX,1546897680,70,16.86,-99.88,302.15,3.1
Baghdad,0,IQ,1546894800,81,33.3,44.38,279.15,0.5
Sinjar,88,SY,1546899412,96,35.59,37.0,278.754,1.41
San Pedro,0,AR,1546899413,58,-33.68,-59.66,300.704,4.91
Mildura,80,AU,1546894800,56,-34.18,142.16,293.15,3.6
Kharp,0,RU,1546899413,34,66.82,65.8,242.404,1.31
Laguna,75,MX,1546897260,60,27.52,-110.01,296.15,5.1
Hofn,32,IS,1546898878,100,64.25,-15.21,275.804,5.21
Manhuacu,0,BR,1546899414,43,-20.26,-42.03,301.129,1.71
Kumla,75,SE,1546897800,99,59.13,15.14,274.15,3.1
Mana,75,RS,1546898400,85,43.52,20.24,262.15,1.0
Poltavka,56,RU,1546899414,63,54.36,71.76,257.504,2.51
Kultuk,0,RU,1546899415,48,51.73,103.71,249.604,1.86
Ust-Maya,44,RU,1546898881,42,60.42,134.54,239.979,1.11
Tucumcari,1,US,1546897980,28,35.17,-103.73,288.75,11.3
Yerbogachen,64,RU,1546899415,74,61.28,108.01,259.379,3.56
Puerto Ayacucho,0,CO,1546898400,49,5.66,-67.63,306.15,2.1
San Jose,44,PH,1546899416,88,15.79,120.99,293.079,1.66
Vostok,44,RU,1546898881,81,46.45,135.83,252.079,1.01
Denpasar,20,ID,1546896600,88,-8.65,115.22,299.15,0.21
Avera,1,US,1546898100,55,33.19,-82.53,294.85,3.1
Alekseyevsk,68,RU,1546899416,59,57.84,108.35,259.404,5.56
Cap-aux-Meules,20,CA,1546894800,67,47.38,-61.86,266.15,19.5
Hami,0,CN,1546899417,48,42.84,93.51,253.304,1.86
Severo-Yeniseyskiy,64,RU,1546899417,71,60.37,93.04,261.004,2.91
Camacha,40,PT,1546896600,67,33.08,-16.33,289.15,4.1
Camacha,40,PT,1546896600,67,33.08,-16.33,289.15,4.1
Krivosheino,64,RU,1546899418,80,57.34,83.93,262.129,5.36
Fare,92,PF,1546899418,100,-16.7,-151.02,300.854,4.21
Jutai,92,BR,1546899418,84,-1.71,-47.89,300.154,1.36
Zhigansk,20,RU,1546898847,64,66.77,123.37,243.104,2.31
Pouebo,0,NC,1546899418,73,-20.4,164.57,299.454,3.71
Manokwari,64,ID,1546898856,100,-0.87,134.08,298.879,2.31
Canton,90,US,1546898160,51,40.8,-81.38,282.55,7.2
Inhambane,0,MZ,1546899419,100,-23.87,35.38,295.729,2.31
Sayyan,0,YE,1546899419,47,15.17,44.32,275.054,0.86
Taltal,0,CL,1546898934,61,-25.41,-70.49,293.904,2.01
Tual,36,ID,1546899419,98,-5.67,132.75,302.404,6.56
Anadyr,0,RU,1546894800,66,64.73,177.51,261.15,16.0
La Ronge,90,CA,1546894800,78,55.1,-105.3,260.15,7.7
Yinchuan,64,CN,1546899420,66,38.48,106.21,255.479,1.81
San Policarpo,80,PH,1546899420,95,12.18,125.51,298.204,7.06
College,20,US,1546898280,67,64.86,-147.8,235.35,1.86
Tessalit,56,ML,1546899420,23,20.2,1.01,286.154,3.91
Baykit,48,RU,1546899420,85,61.68,96.39,258.504,2.76
Richards Bay,44,ZA,1546899420,90,-28.77,32.06,292.979,2.56
Kamariotissa,36,GR,1546897800,64,40.48,25.47,274.15,10.8
Singkang,75,MY,1546894800,88,2.1,102.8,298.15,2.1
Jackson,90,US,1546898160,86,35.61,-88.82,289.15,3.6
Port Macquarie,64,AU,1546894800,88,-31.43,152.91,295.15,0.5
Lompoc,40,US,1546898160,75,34.64,-120.46,291.45,3.6
Buala,44,SB,1546899422,100,-8.15,159.59,299.979,2.56
Heihe,0,RU,1546898400,69,50.24,127.51,251.15,2.0
Sembakung,40,ID,1546894800,94,3.82,117.25,298.15,2.6
Kununurra,40,AU,1546896600,88,-15.77,128.74,300.15,2.6
Mandera,20,ET,1546899422,29,3.94,41.86,298.654,3.86
Goderich,92,CA,1546898864,82,43.74,-81.71,273.804,15.41
Valle de Allende,48,MX,1546899422,40,26.94,-105.39,294.304,2.66
Valle de Allende,48,MX,1546899422,40,26.94,-105.39,294.304,2.66
Kralendijk,40,BQ,1546898100,74,12.15,-68.27,300.15,7.2
Gulu,32,UG,1546899423,61,2.77,32.3,296.804,1.26
Puerto del Rosario,20,ES,1546896600,77,28.5,-13.86,291.15,6.2
Tocopilla,32,CL,1546899423,85,-22.09,-70.2,292.729,2.51
Tocopilla,32,CL,1546899423,85,-22.09,-70.2,292.729,2.51
Broome,92,GB,1546898160,75,52.47,1.45,283.15,10.3
Praia da Vitoria,40,PT,1546894800,93,38.73,-27.07,290.15,9.71
Erbaa,40,TR,1546897800,77,40.67,36.56,273.15,0.71
Kirakira,76,SB,1546898884,100,-10.46,161.92,300.604,6.26
Dudinka,56,RU,1546898887,76,69.41,86.18,253.129,1.66
Hellvik,40,NO,1546897800,93,59.92,5.78,277.15,4.6
Santa Maria,92,BR,1546898943,91,-29.69,-53.81,297.579,8.36
Santa Maria,92,BR,1546898943,91,-29.69,-53.81,297.579,8.36
Baherden,0,TM,1546899425,84,38.44,57.43,279.404,5.71
Gunjur,0,GM,1546894800,60,13.18,-16.76,296.15,2.6
Bilma,0,NE,1546898918,48,18.69,12.92,281.254,1.86
Novovarshavka,48,RU,1546899426,84,54.17,74.7,259.504,1.36
Homer,90,US,1546897980,59,59.64,-151.54,267.05,2.6
Port-Gentil,20,GA,1546898400,94,-0.72,8.78,299.15,2.1
Rapid Valley,90,US,1546898160,38,44.06,-103.15,281.45,5.1
Luanda,75,AO,1546898400,83,-8.83,13.24,300.15,2.6
Margate,20,AU,1546896600,59,-43.03,147.26,291.15,3.6
Ivankiv,64,UA,1546898400,85,50.93,29.9,265.15,3.0
Druzhba,64,UA,1546899428,65,49.36,25.65,260.004,1.31
Victoria,75,BN,1546896600,74,5.28,115.24,300.15,4.1
Puerto Leguizamo,12,CO,1546899364,59,-0.19,-74.78,304.754,1.51
Ossora,88,RU,1546899428,91,59.24,163.07,272.054,12.61
Caravelas,24,BR,1546898916,100,-17.73,-39.27,300.204,6.61
Caravelas,24,BR,1546898916,100,-17.73,-39.27,300.204,6.61
Caravelas,24,BR,1546898916,100,-17.73,-39.27,300.204,6.61
Tateyama,75,JP,1546898400,100,36.66,137.31,278.15,3.1
Senador Jose Porfirio,80,BR,1546899429,87,-2.59,-51.95,300.229,1.41
Jambusar,0,IN,1546899430,95,22.05,72.81,288.129,4.66
Jambusar,0,IN,1546899430,95,22.05,72.81,288.129,4.66
Cocobeach,20,GA,1546898400,88,1.01,9.58,298.15,1.96
Kaniama,68,CD,1546899302,93,-7.57,24.18,294.629,1.61
King City,1,US,1546894380,77,36.21,-121.13,288.15,6.7
Usinsk,68,RU,1546899431,74,66.0,57.56,253.604,4.76
Deputatskiy,12,RU,1546898880,0,69.3,139.9,227.154,1.16
Rameswaram,8,IN,1546899431,100,9.28,79.3,298.979,7.26
Kaohsiung,75,TW,1546898400,100,22.62,120.31,293.15,3.1
Bahir Dar,0,ET,1546899432,49,11.59,37.39,280.254,0.66
Aksarka,36,RU,1546898879,68,66.56,67.8,246.729,1.61
Hauterive,90,FR,1546896600,80,46.09,3.45,276.15,1.5
Sibu,75,MY,1546894800,100,2.29,111.83,297.15,1.31
Bahia de Caraquez,75,EC,1546898400,83,-0.6,-80.42,300.15,5.1
Varberg,90,SE,1546897800,93,57.11,12.25,279.15,10.8
Aswan,0,EG,1546898907,88,24.09,32.9,277.854,1.61
Mahanoro,76,MG,1546899433,97,-19.9,48.8,297.554,1.06
Muisne,75,EC,1546894800,83,0.61,-80.02,300.15,1.5
Clyde River,75,CA,1546897380,83,70.47,-68.59,250.15,8.2
Sambava,68,MG,1546898924,100,-14.27,50.17,300.204,0.71
Bridgend,90,GB,1546897800,100,51.51,-3.58,283.15,8.2
Ravar,0,IR,1546899434,36,31.27,56.81,288.329,3.21
Batagay-Alyta,24,RU,1546898880,54,67.8,130.41,236.754,1.46
Nara,75,JP,1546898400,86,34.68,135.8,281.15,1.5
Nara,75,JP,1546898400,86,34.68,135.8,281.15,1.5
Necochea,32,AR,1546898939,73,-38.55,-58.74,301.004,0.86
Cabo San Lucas,75,MX,1546897680,73,22.89,-109.91,297.15,5.1
Pisco,0,PE,1546894800,30,-13.71,-76.2,295.15,6.2
Najran,0,SA,1546894800,29,17.54,44.22,290.15,0.76
Medea,12,DZ,1546896600,93,36.27,2.77,279.15,1.36
Diego de Almagro,0,CL,1546899436,42,-26.39,-70.05,297.004,2.31
Pangnirtung,5,CA,1546894800,61,66.15,-65.72,244.15,1.5
Kalabo,24,ZM,1546899436,79,-15.0,22.67,296.079,3.91
Cabatuan,88,PH,1546899436,92,16.95,121.67,292.979,0.96
Vilhena,40,BR,1546894800,78,-12.74,-60.15,298.15,4.1
Hendrina,44,ZA,1546899437,97,-26.16,29.72,287.104,1.31
Ostrovnoy,92,RU,1546898852,98,68.05,39.51,269.004,4.81
Nouadhibou,0,MR,1546894800,55,20.93,-17.03,292.15,5.1
Ust-Ilimsk,80,RU,1546899437,78,57.96,102.73,262.054,3.76
Grand-Bourg,75,GP,1546898400,73,15.88,-61.31,299.15,4.1
Ocos,40,GT,1546897260,66,14.51,-92.19,304.15,3.41
Yarmouth,75,GB,1546897800,81,50.71,-1.5,283.15,4.6
Carbonear,20,CA,1546894800,74,47.73,-53.24,271.15,6.7
Lakes Entrance,64,AU,1546899438,100,-37.88,147.99,292.454,3.11
Aksu,0,KZ,1546896600,84,52.04,76.93,256.15,2.0
Chota,75,EC,1546898400,82,0.47,-78.07,287.15,1.0
Baixa Grande,68,BR,1546899439,50,-11.96,-40.17,301.054,2.51
Maun,0,BW,1546898400,69,-19.99,23.42,298.15,3.6
Esil,76,KZ,1546899440,89,51.96,66.41,263.854,1.41
Jalingo,12,NG,1546899440,23,10.3,10.93,294.254,5.36
Cayenne,75,GF,1546898400,78,4.94,-52.33,299.15,3.6
Dmitriyevskoye,24,RU,1546899440,85,45.8,41.89,269.204,4.76
Sorland,90,NO,1546896000,80,67.67,12.69,275.15,9.8
Sanguem,0,IN,1546896600,73,15.23,74.14,295.15,1.0
Sanguem,0,IN,1546896600,73,15.23,74.14,295.15,1.0
Guane,0,CU,1546899441,63,22.2,-84.09,300.404,3.96
Guane,0,CU,1546899441,63,22.2,-84.09,300.404,3.96
Stepnogorsk,64,KZ,1546899441,83,52.35,71.88,260.329,1.31
Presidencia Roque Saenz Pena,12,AR,1546899441,89,-26.79,-60.44,301.304,3.61
Marsa Matruh,75,EG,1546894800,76,31.35,27.25,283.15,3.1
Maniitsoq,80,GL,1546898879,100,65.42,-52.9,264.154,3.91
